PT/ABM/PMCH04/001/00022/000001; Registo de batismo n.º 1: Maria. Pai: João Francisco de Gouveia; Mãe: Eulália Vieira; 1863-01-01
PT/ABM/PMCH04/001/00022/000002; Registo de batismo n.º 2: Rosa. Pai: João Francisco de Freitas; Mãe: Luísa Joaquina; 1863-01-04
PT/ABM/PMCH04/001/00022/000003; Registo de batismo n.º 3: António. Pai: José Joaquim de Freitas; Mãe: Andresa Maria Marques; 1863-01-04
PT/ABM/PMCH04/001/00022/000004; Registo de batismo n.º 4: Virgínia. Pai: Lourenço Marques dos Ramos; Mãe: Amélia de Jesus; 1863-01-06
PT/ABM/PMCH04/001/00022/000005; Registo de batismo n.º 5: José. Pai: Alexandre de Freitas da Silva; Mãe: Alexandrina Rita de Jesus; 1863-01-07
PT/ABM/PMCH04/001/00022/000006; Registo de batismo n.º 6: João. Pai: Francisco Pereira de Freitas; Mãe: Barbara Rita; 1863-01-08
PT/ABM/PMCH04/001/00022/000007; Registo de batismo n.º 7: Juliana. Pai: Francisco João Marques; Mãe: Francisca Maria; 1863-01-11
PT/ABM/PMCH04/001/00022/000008; Registo de batismo n.º 8: Maria. Pai: João da Costa; Mãe: Filipa Joaquina; 1863-01-13
PT/ABM/PMCH04/001/00022/000009; Registo de batismo n.º 9: Albina. Pai: João Franco do Nascimento; Mãe: Bernardina Maria; 1863-01-14
PT/ABM/PMCH04/001/00022/000010; Registo de batismo n.º 10: João. Pai: José Marques de Nóbrega; Mãe: Rita Eugénia de Jesus; 1863-01-14
PT/ABM/PMCH04/001/00022/000011; Registo de batismo n.º 11: Maria. Pai: Venâncio de Sousa; Mãe: Josefina Maria de França; 1863-01-25
PT/ABM/PMCH04/001/00022/000012; Registo de batismo n.º 12: Andresa. Pai: Francisco Xisto Marques; Mãe: Salamonia Augusta; 1863-01-26
PT/ABM/PMCH04/001/00022/000013; Registo de batismo n.º 13: Maria. Pai: João Joaquim de Abreu; Mãe: Maria de Freitas de Jesus; 1863-01-29
PT/ABM/PMCH04/001/00022/000014; Registo de batismo n.º 14: Guilhermina. Pai: José Gomes da Conceição; Mãe: Maria Augusta de Jesus; 1863-01-30
PT/ABM/PMCH04/001/00022/000015; Registo de batismo n.º 15: Maria. Pai: Manuel Marcos de Abreu; Mãe: Gertrudes Maria Joaquina; 1863-02-01
PT/ABM/PMCH04/001/00022/000016; Registo de batismo n.º 16: José. Pai: José Caldeira; Mãe: Joaquina Rosa; 1863-02-01
PT/ABM/PMCH04/001/00022/000017; Registo de batismo n.º 17: António. Pai: José Joaquim Caldeira; Mãe: Francisca de Sá; 1863-02-02
PT/ABM/PMCH04/001/00022/000018; Registo de batismo n.º 18: Maria. Pai: Marcelino da Costa Júnior; Mãe: Joaquina de Freitas; 1863-02-02
PT/ABM/PMCH04/001/00022/000019; Registo de batismo n.º 19: Francisca. Pai: Severiano Figueira; Mãe: Maria Luísa Marques; 1863-02-07
PT/ABM/PMCH04/001/00022/000020; Registo de batismo n.º 20: Josefina. Pai: Manuel João de Lemos Júnior; Mãe: Josefina Augusta Meneses; 1863-02-09
PT/ABM/PMCH04/001/00022/000021; Registo de batismo n.º 21: João. Pai: Manuel Rodrigues; Mãe: Zeferina Rosa; 1863-02-09
PT/ABM/PMCH04/001/00022/000022; Registo de batismo n.º 22: Maria. Pai: Roberto de Sousa; Mãe: Maria Augusta; 1863-02-15
PT/ABM/PMCH04/001/00022/000023; Registo de batismo n.º 23: Manuel. Pai: João Joaquim de Abreu; Mãe: Maria Augusta; 1863-02-16
PT/ABM/PMCH04/001/00022/000024; Registo de batismo n.º 24: Carolina. Pai: Manuel Maria de Sousa; Mãe: Luzia Crispina de Jesus; 1863-02-22
PT/ABM/PMCH04/001/00022/000025; Registo de batismo n.º 25: António. Pai: António José Pereira; Mãe: Maria Cândida; 1863-02-26
PT/ABM/PMCH04/001/00022/000026; Registo de batismo n.º 26: Jesuína. Pai: Roberto Rodrigues Tomás; Mãe: Maria Crispina de Jesus; 1863-03-01
PT/ABM/PMCH04/001/00022/000027; Registo de batismo n.º 27: Ludevina. Pai: Manuel Teixeira; Mãe: Maria Constantina de Jesus; 1863-03-01
PT/ABM/PMCH04/001/00022/000028; Registo de batismo n.º 28: António. Pai: João Teixeira Mendes; Mãe: Isabel Martins; 1863-03-02
PT/ABM/PMCH04/001/00022/000029; Registo de batismo n.º 29: Maria. Pai: Firmino Dias; Mãe: Francisca Umbelina Nunes; 1863-03-03
PT/ABM/PMCH04/001/00022/000030; Registo de batismo n.º 30: Maria. Pai: João Vieira; Mãe: Maria de Jesus; 1863-03-04
PT/ABM/PMCH04/001/00022/000031; Registo de batismo n.º 31: Virgínia. Pai: José Teixeira Furtado; Mãe: Maria de Jesus; 1863-03-08
PT/ABM/PMCH04/001/00022/000032; Registo de batismo n.º 32: Luzia. Pai: José de Freitas Silva; Mãe: Maria Antónia de Jesus; 1863-03-11
PT/ABM/PMCH04/001/00022/000033; Registo de batismo n.º 33: Francisco. Pai: José de Nóbrega; Mãe: Augusta Joaquina; 1863-03-15
PT/ABM/PMCH04/001/00022/000034; Registo de batismo n.º 34: Virgínia. Pai: João Vieira Barcelos; Mãe: Maria Narcisa; 1863-03-15
PT/ABM/PMCH04/001/00022/000035; Registo de batismo n.º 35: António. Pai: José dos Ramos; Mãe: Francisca Marques; 1863-03-16
PT/ABM/PMCH04/001/00022/000036; Registo de batismo n.º 36: João. Pai: José Marques dos Ramos; Mãe: Joana Rita de Jesus; 1863-03-17
PT/ABM/PMCH04/001/00022/000037; Registo de batismo n.º 37: Amália. Pai: Incógnito; Mãe: Maria de Jesus; 1863-03-21
PT/ABM/PMCH04/001/00022/000038; Registo de batismo n.º 38: José. Pai: Tomás Teixeira do Nascimento; Mãe: Micaela Maria; 1863-03-22
PT/ABM/PMCH04/001/00022/000039; Registo de batismo n.º 39: Joaquim. Pai: Joaquim Pereira; Mãe: Inácia Eugénia de Jesus; 1863-03-23
PT/ABM/PMCH04/001/00022/000040; Registo de batismo n.º 40: Maria. Pai: Manuel de Freitas Marques; Mãe: Cândida Constantina de Freitas; 1863-03-31
PT/ABM/PMCH04/001/00022/000041; Registo de batismo n.º 41: Francisco. Pai: Manuel Joaquim de Ornelas Júnior; Mãe: Júlia Amália Fernandes; 1863-04-12
PT/ABM/PMCH04/001/00022/000042; Registo de batismo n.º 42: Maria. Pai: Francisco de Jesus de Nóbrega; Mãe: Cândida Efigénia; 1863-04-12
PT/ABM/PMCH04/001/00022/000043; Registo de batismo n.º 43: José. Pai: Manuel de Freitas Vieira; Mãe: Maria Augusta de Vasconcelos; 1863-04-13
PT/ABM/PMCH04/001/00022/000044; Registo de batismo n.º 44: João. Pai: António de Freitas Catanho; Mãe: Maria Rita; 1863-04-13
PT/ABM/PMCH04/001/00022/000045; Registo de batismo n.º 45: José. Pai: Incógnito; Mãe: Antónia da Conceição; 1863-04-14
PT/ABM/PMCH04/001/00022/000046; Registo de batismo n.º 46: Epifânio. Pai: Manuel Gomes; Mãe: Rosa Narcisa; 1863-04-14
PT/ABM/PMCH04/001/00022/000047; Registo de batismo n.º 47: Ricardo. Pai: Incógnito; Mãe: Júlia Joaquina; 1863-04-14
PT/ABM/PMCH04/001/00022/000048; Registo de batismo n.º 48: Alexandrina. Pai: Manuel Rodrigues Vieira; Mãe: Andresa Margarida dos Santos; 1863-04-15
PT/ABM/PMCH04/001/00022/000049; Registo de batismo n.º 49: Ricarda. Pai: Manuel de Abreu; Mãe: Lusia Constantina Soares; 1863-04-19
PT/ABM/PMCH04/001/00022/000050; Registo de batismo n.º 50: António. Pai: Anónio Gomes de Mendonça Júnior; Mãe: Isabel Maria; 1863-04-19
PT/ABM/PMCH04/001/00022/000051; Registo de batismo n.º 51: Francisco. Pai: João António Teixeira Mendes; Mãe: Maria Cândida de Jesus; 1863-04-20
PT/ABM/PMCH04/001/00022/000052; Registo de batismo n.º 52: João. Pai: Incógnito; Mãe: Maria Adelaide de Nóbrega; 1863-04-23
PT/ABM/PMCH04/001/00022/000053; Registo de batismo n.º 53: Francisco. Pai: Manuel Rodrigues de Sousa; Mãe: Jesuína Rosa de Jesus; 1863-04-26
PT/ABM/PMCH04/001/00022/000054; Registo de batismo n.º 54: José. Pai: Manuel João Marques Júnior; Mãe: Alexandrina Augusat de Freitas; 1863-04-26
PT/ABM/PMCH04/001/00022/000055; Registo de batismo n.º 55: António. Pai: Alexandre Gomes de Mendonça; Mãe: Eugénia Cândida; 1863-04-27
PT/ABM/PMCH04/001/00022/000056; Registo de batismo n.º 56: Maria. Pai: António José Rodrigues; Mãe: Paulina Rita; 1863-04-29
PT/ABM/PMCH04/001/00022/000057; Registo de batismo n.º 57: Maria. Pai: Manuel Marques da Costa; Mãe: Constantina de Jesus; 1863-04-29
PT/ABM/PMCH04/001/00022/000058; Registo de batismo n.º 58: Francisco. Pai: Carlos de Gouveia Spínola; Mãe: Antónia de Jesus; 1863-05-04
PT/ABM/PMCH04/001/00022/000059; Registo de batismo n.º 59: João. Pai: Maximiano Teixeira Cardoso; Mãe: Maria Emília da Silva; 1863-05-09
PT/ABM/PMCH04/001/00022/000060; Registo de batismo n.º 60: Rita. Pai: José Maria de Nóbrega; Mãe: Maria de Jesus; 1863-05-10
PT/ABM/PMCH04/001/00022/000061; Registo de batismo n.º 61: Maria. Pai: José Moniz de Mendonça; Mãe: Maria Virgínia; 1863-05-10
PT/ABM/PMCH04/001/00022/000062; Registo de batismo n.º 62: Maria. Pai: Marcos de Freitas de Jesus; Mãe: Júlia de Jesus; 1863-05-14
PT/ABM/PMCH04/001/00022/000063; Registo de batismo n.º 63: António. Pai: Manuel José Moniz; Mãe: Maria de Freitas de Jesus; 1863-05-16
PT/ABM/PMCH04/001/00022/000064; Registo de batismo n.º 64: João. Pai: João Caldeira; Mãe: Domingas de Jesus; 1863-05-17
PT/ABM/PMCH04/001/00022/000065; Registo de batismo n.º 65: João. Pai: João Aires Ferreira; Mãe: Jovita Augusta Spínola; 1863-05-23
PT/ABM/PMCH04/001/00022/000066; Registo de batismo n.º 66: Manuel. Pai: João da Silva; Mãe: Maria Rosa; 1863-05-25
PT/ABM/PMCH04/001/00022/000067; Registo de batismo n.º 67: Antónia. Pai: António Marques de Gouveia; Mãe: Antónia Maria; 1863-05-26
PT/ABM/PMCH04/001/00022/000068; Registo de batismo n.º 68: Sebastiana. Pai: Urbano Joaquim de Freitas; Mãe: Isabel Rita de Sousa, D.; 1863-05-28
PT/ABM/PMCH04/001/00022/000069; Registo de batismo n.º 69: Carolina. Pai: Lino Caldeira; Mãe: Emília Joaquina; 1863-05-30
PT/ABM/PMCH04/001/00022/000070; Registo de batismo n.º 70: Maria. Pai: João Teixeira da Costa; Mãe: Maria Augusta de Meneses; 1863-06-01
PT/ABM/PMCH04/001/00022/000071; Registo de batismo n.º 71: João. Pai: Manuel de Freitas Silva; Mãe: Maria Marques de Jesus; 1863-06-07
PT/ABM/PMCH04/001/00022/000072; Registo de batismo n.º 72: António. Pai: João Rodrigues de Sousa Júnior; Mãe: Maria Leopoldina Nunes; 1863-06-07
PT/ABM/PMCH04/001/00022/000073; Registo de batismo n.º 73: Maria. Pai: Domingos Vieira; Mãe: Maria Emília; 1863-06-08
PT/ABM/PMCH04/001/00022/000074; Registo de batismo n.º 74: Francisca. Pai: João de Gouveia; Mãe: Francisca Eusébia; 1863-06-14
PT/ABM/PMCH04/001/00022/000075; Registo de batismo n.º 75: Francisco. Pai: Francisco José Gomes Marques; Mãe: Maria Cândida de Jesus; 1863-06-18
PT/ABM/PMCH04/001/00022/000076; Registo de batismo n.º 76: João. Pai: José Perestrelo; Mãe: Sabina Marques; 1863-06-22
PT/ABM/PMCH04/001/00022/000077; Registo de batismo n.º 77: Maria. Pai: Manuel Francisco de Freitas; Mãe: Luzia Marques; 1863-06-25
PT/ABM/PMCH04/001/00022/000078; Registo de batismo n.º 78: José. Pai: João Marques da Costa; Mãe: Maria de Sá; 1863-06-26
PT/ABM/PMCH04/001/00022/000079; Registo de batismo n.º 79: Manuel. Pai: Manuel António Dias de França; Mãe: Luzia Crispina de Jesus; 1863-06-27
PT/ABM/PMCH04/001/00022/000080; Registo de batismo n.º 80: António. Pai: António Nunes; Mãe: Joaquina Rosa; 1863-06-30
PT/ABM/PMCH04/001/00022/000081; Registo de batismo n.º 81: Manuel. Pai: João Telo de Meneses Júnior; Mãe: Basília Joaquina Marques; 1863-07-07
PT/ABM/PMCH04/001/00022/000082; Registo de batismo n.º 82: João. Pai: Manuel José de Castro; Mãe: Rosa Sabina de Jesus; 1863-07-13
PT/ABM/PMCH04/001/00022/000083; Registo de batismo n.º 83: Maria. Pai: João Gomes; Mãe: Tomásia Joaquina; 1863-07-15
PT/ABM/PMCH04/001/00022/000084; Registo de batismo n.º 84: Manuel. Pai: João António de Lemos; Mãe: Antónia Rosa; 1863-07-26
PT/ABM/PMCH04/001/00022/000085; Registo de batismo n.º 85: Leopoldina. Pai: José de Freitas Vieira; Mãe: Carolina Rosa; 1863-07-26
PT/ABM/PMCH04/001/00022/000086; Registo de batismo n.º 86: João. Pai: Incógnito; Mãe: Maria Joaquina; 1863-07-28
PT/ABM/PMCH04/001/00022/000087; Registo de batismo n.º 87: Augusta. Pai: António de Freitas Silva Júnior; Mãe: Augusta Constantina Soares; 1863-08-02
PT/ABM/PMCH04/001/00022/000088; Registo de batismo n.º 88: Francisco. Pai: Francisco Marques Vieira; Mãe: Marta da Encarnação; 1863-08-03
PT/ABM/PMCH04/001/00022/000089; Registo de batismo n.º 89: Francisco. Pai: José Teixeira Mendes; Mãe: Maria Emília dos Ramos; 1863-08-03
PT/ABM/PMCH04/001/00022/000090; Registo de batismo n.º 90: José. Pai: José João Nunes; Mãe: Luzia Augusta de Gouveia; 1863-08-05
PT/ABM/PMCH04/001/00022/000091; Registo de batismo n.º 91: Maria. Pai: Manuel Soares; Mãe: Luzia Marques; 1863-08-12
PT/ABM/PMCH04/001/00022/000092; Registo de batismo n.º 92: José. Pai: Francisco António Eusébio; Mãe: Maria Cândida; 1863-08-12
PT/ABM/PMCH04/001/00022/000093; Registo de batismo n.º 93: Tomásia. Pai: Manuel Joaquim de Mendonça; Mãe: Francisca de Gouveia; 1863-08-17
PT/ABM/PMCH04/001/00022/000094; Registo de batismo n.º 94: António. Pai: Gregório José Moniz; Mãe: Maria de Freitas de Jesus; 1863-08-23
PT/ABM/PMCH04/001/00022/000095; Registo de batismo n.º 95: José. Pai: Manuel Joaquim da Costa Júnior; Mãe: Rosa Maria; 1863-09-03
PT/ABM/PMCH04/001/00022/000096; Registo de batismo n.º 96: Paulina. Pai: João de Nóbrega; Mãe: Joana Augusta dos Santos; 1863-09-05
PT/ABM/PMCH04/001/00022/000097; Registo de batismo n.º 97: José. Pai: Teodoro Soares; Mãe: Iria Augusta dos Prazeres; 1863-09-09
PT/ABM/PMCH04/001/00022/000098; Registo de batismo n.º 98: Isabel. Pai: Rogério António de Mendonça; Mãe: Gertrudes Rosa da Silva; 1863-09-12
PT/ABM/PMCH04/001/00022/000099; Registo de batismo n.º 99: José. Pai: Francisco José Nunes; Mãe: Ludevina Cândida de Jesus; 1863-09-21
PT/ABM/PMCH04/001/00022/000100; Registo de batismo n.º 100: João. Pai: José Carvalho Spínola; Mãe: Tomásia Maria de Jesus; 1863-09-30
PT/ABM/PMCH04/001/00022/000101; Registo de batismo n.º 101: Augusta. Pai: Aires Joaquim de Freitas; Mãe: Helena Augusta de Freitas, D.; 1863-10-05
PT/ABM/PMCH04/001/00022/000102; Registo de batismo n.º 102: António. Pai: Manuel Gomes de Mendonça; Mãe: Vicência Joaquina de Freitas; 1863-10-05
PT/ABM/PMCH04/001/00022/000103; Registo de batismo n.º 103: Virgínia. Pai: Francisco Manuel de Freitas; Mãe: Silvana Júlia de Freitas; 1863-10-05
PT/ABM/PMCH04/001/00022/000104; Registo de batismo n.º 104: Manuel. Pai: Agostinho Vieira da Costa; Mãe: Francisca Josefa; 1863-10-06
PT/ABM/PMCH04/001/00022/000105; Registo de batismo n.º 105: Marcelina. Pai: Incógnito; Mãe: Maria do Nacimento; 1863-10-08
PT/ABM/PMCH04/001/00022/000106; Registo de batismo n.º 106: Manuel. Pai: Pedro Rodrigues; Mãe: Maria Joaquina; 1863-10-14
PT/ABM/PMCH04/001/00022/000107; Registo de batismo n.º 107: Maria. Pai: Joaquim de Freitas Silva; Mãe: Ludevina Rita; 1863-10-18
PT/ABM/PMCH04/001/00022/000108; Registo de batismo n.º 108: Leopoldina. Pai: Marcial de Mendonça; Mãe: Josefina Maria; 1863-10-18
PT/ABM/PMCH04/001/00022/000109; Registo de batismo n.º 109: Francisca. Pai: Francisco Gomes Marques; Mãe: Maria Augusta de Jesus; 1863-10-19
PT/ABM/PMCH04/001/00022/000110; Registo de batismo n.º 110: Mirandolina. Pai: Júlio Adriano de Vascencelos; Mãe: Juliana Augusta Meneses de Vasconcelos; 1863-10-19
PT/ABM/PMCH04/001/00022/000111; Registo de batismo n.º 111: Joaquim. Pai: Manuel Joaquim de Abreu; Mãe: Joana Maria; 1863-10-27
PT/ABM/PMCH04/001/00022/000112; Registo de batismo n.º 112: Iria. Pai: José de Freitas Basilio; Mãe: Maria de Jesus; 1863-11-03
PT/ABM/PMCH04/001/00022/000113; Registo de batismo n.º 113: Rosa. Pai: Manuel de Abreu; Mãe: Maria Carlota; 1863-11-04
PT/ABM/PMCH04/001/00022/000114; Registo de batismo n.º 114: Rosa. Pai: João de Nóbrega; Mãe: Maria Bettencourt; 1863-11-04
PT/ABM/PMCH04/001/00022/000115; Registo de batismo n.º 115: António. Pai: António Manuel da Costa; Mãe: Maria Marques; 1863-11-07
PT/ABM/PMCH04/001/00022/000116; Registo de batismo n.º 116: José. Pai: José Paulo Dias Júnior; Mãe: Maria Augusta; 1863-11-11
PT/ABM/PMCH04/001/00022/000117; Registo de batismo n.º 117: Martinha. Pai: Martinho de Freitas da Gama; Mãe: Maria de Jesus; 1863-11-11
PT/ABM/PMCH04/001/00022/000118; Registo de batismo n.º 118: Maria. Pai: João Francisco de Freitas Júnior; Mãe: Joana Maria; 1863-11-18
PT/ABM/PMCH04/001/00022/000119; Registo de batismo n.º 119: Maria. Pai: Incógnito; Mãe: Josefina Rosa; 1863-11-20
PT/ABM/PMCH04/001/00022/000120; Registo de batismo n.º 120: Rosa. Pai: Manuel Teixeira Cardoso; Mãe: Maria Constância da Conceição; 1863-11-22
PT/ABM/PMCH04/001/00022/000121; Registo de batismo n.º 121: Maria. Pai: João António Vieira; Mãe: Timótea Nepomucena de Vasconcelos; 1863-11-23
PT/ABM/PMCH04/001/00022/000122; Registo de batismo n.º 122: Luzia. Pai: António Gomes; Mãe: Maria Joaquina Marques; 1863-11-23
PT/ABM/PMCH04/001/00022/000123; Registo de batismo n.º 123: Maria. Pai: Manuel de Mendonça; Mãe: Vicência Augusta; 1863-11-28
PT/ABM/PMCH04/001/00022/000124; Registo de batismo n.º 124: Maria. Pai: Francisco José Carvalho; Mãe: Maria Joana; 1863-11-30
PT/ABM/PMCH04/001/00022/000125; Registo de batismo n.º 125: Francisco. Pai: José de Freitas Patricio Júnior; Mãe: Maria de Freitas; 1863-12-16
PT/ABM/PMCH04/001/00022/000126; Registo de batismo n.º 126: Antónia. Pai: João António Gonçalves; Mãe: Maria Rita de Jesus; 1863-12-21
PT/ABM/PMCH04/001/00022/000127; Registo de batismo n.º 127: Maria. Pai: Gerardo Gomes de Mendonça; Mãe: Luzia Augusta de Freitas; 1863-12-21
PT/ABM/PMCH04/001/00022/000128; Registo de batismo n.º 128: António. Pai: Francisco de Castro; Mãe: Maria Augusta Spínola; 1863-12-28
PT/ABM/PMCH04/001/00022/000129; Registo de batismo n.º 129: Francisca. Pai: Manuel Teixeira Dória; Mãe: Florinda Luísa de Jesus; 1863-12-29
PT/ABM/PMCH04/001/00022/000130; Registo de batismo n.º 130: João. Pai: José Rodrigues; Mãe: Sebastiana Maria; 1863-12-30
PT/ABM/PMCH04/001/00022/000131; Registo de batismo n.º 131: Francisco. Pai: António Joaquim de Ornelas; Mãe: Sebastiana Augusta de Castro; 1863-12-31
PT/ABM/PMCH04/001/00022/000132; Registo de batismo n.º 132: Carolina. Pai: José de Freitas Rocha; Mãe: Francisca de Jesus; 1863-12-31
